symbol,company,sector,market_cap_cr
RELIANCE,Reliance Industries,Oil Gas & Consumable Fuels,1600000
HDFCBANK,HDFC Bank,Financial Services,1100000
ICICIBANK,ICICI Bank,Financial Services,950000
BHARTIARTL,Bharti Airtel,Telecommunication,1050000
SBIN,State Bank of India,Financial Services,850000
TCS,Tata Consultancy Services,Information Technology,750000
BAJFINANCE,Bajaj Finance,Financial Services,600000
INFY,Infosys,Information Technology,650000
LICI,Life Insurance Corporation of India,Financial Services,500000
HINDUNILVR,Hindustan Unilever,FMCG,550000
ITC,ITC,FMCG,500000
LT,Larsen & Toubro,Construction,480000
KOTAKBANK,Kotak Mahindra Bank,Financial Services,360000
AXISBANK,Axis Bank,Financial Services,350000
HCLTECH,HCL Technologies,Information Technology,400000
MARUTI,Maruti Suzuki,Automobile and Auto Components,400000
M&M,Mahindra & Mahindra,Automobile and Auto Components,370000
SUNPHARMA,Sun Pharmaceutical Industries,Pharmaceuticals,380000
TITAN,Titan Company,Consumer Durables,340000
ADANIENT,Adani Enterprises,Oil Gas & Consumable Fuels,300000
NTPC,NTPC,Power,350000
POWERGRID,Power Grid Corporation,Power,320000
ONGC,Oil and Natural Gas Corporation,Oil Gas & Consumable Fuels,300000
WIPRO,Wipro,Information Technology,250000
ULTRACEMCO,UltraTech Cement,Construction Materials,300000
TATAMOTORS,Tata Motors,Automobile and Auto Components,250000
TATASTEEL,Tata Steel,Metals & Mining,200000
NESTLEIND,Nestle India,FMCG,230000
COALINDIA,Coal India,Metals & Mining,300000
TECHM,Tech Mahindra,Information Technology,170000
DRREDDY,Dr Reddy's Laboratories,Pharmaceuticals,110000
CIPLA,Cipla,Pharmaceuticals,120000
JSWSTEEL,JSW Steel,Metals & Mining,220000
ADANIPORTS,Adani Ports and SEZ,Services,310000
ASIANPAINT,Asian Paints,Consumer Durables,190000
GRASIM,Grasim Industries,Cement,210000
TATACONSUM,Tata Consumer Products,FMCG,140000
HINDALCO,Hindalco Industries,Metals & Mining,160000
BRITANNIA,Britannia Industries,FMCG,110000
EICHERMOT,Eicher Motors,Automobile and Auto Components,150000
HEROMOTOCO,Hero MotoCorp,Automobile and Auto Components,100000
BAJAJ-AUTO,Bajaj Auto,Automobile and Auto Components,270000
BAJAJFINSV,Bajaj Finserv,Financial Services,300000
DMART,Avenue Supermarts,Consumer Services,250000
TRENT,Trent,Consumer Services,240000
PIDILITIND,Pidilite Industries,Chemicals,150000
SIEMENS,Siemens,Capital Goods,180000
ABB,ABB India,Capital Goods,140000
BEL,Bharat Electronics,Aerospace & Defence,300000
HAL,Hindustan Aeronautics,Aerospace & Defence,180000
INDIGO,InterGlobe Aviation,Services,180000
ZOMATO,One97? / Eternal,Consumer Services,190000
ETERNAL,Eternal,Consumer Services,190000
SWIGGY,Swiggy,Consumer Services,70000
BSE,BSE,Financial Services,120000
MUTHOOTFIN,Muthoot Finance,Financial Services,110000
FEDERALBNK,Federal Bank,Financial Services,50000
INDUSINDBK,IndusInd Bank,Financial Services,60000
BANKBARODA,Bank of Baroda,Financial Services,130000
CANBK,Canara Bank,Financial Services,120000
UNIONBANK,Union Bank of India,Financial Services,120000
PNB,Punjab National Bank,Financial Services,130000
INDIANB,Indian Bank,Financial Services,110000
LICHSGFIN,LIC Housing Finance,Financial Services,40000
SBILIFE,SBI Life Insurance,Financial Services,180000
HDFCLIFE,HDFC Life Insurance,Financial Services,150000
ICICIPRULI,ICICI Prudential Life Insurance,Financial Services,90000
ICICIGI,ICICI Lombard General Insurance,Financial Services,95000
HDFCAMC,HDFC Asset Management Company,Financial Services,110000

